company_name,month,period,trips,avg_fare,avg_driver_pay,driver_share_pct,prev_month_share_pct,mom_change_pts
Lyft,2024-02,pre,98975,23.53,18.29,77.7,NULL,NULL
Lyft,2024-03,pre,113409,24.87,19.53,78.5,77.7,0.8
Lyft,2024-04,pre,100539,25.50,20.14,79.0,78.5,0.5
Lyft,2025-02,post,98236,23.28,18.27,78.5,NULL,NULL
Lyft,2025-03,post,119354,24.84,19.66,79.2,78.5,0.7
Lyft,2025-04,post,107849,24.65,20.01,81.2,79.2,2.0
Uber,2024-02,pre,287982,24.51,19.31,78.8,NULL,NULL
Uber,2024-03,pre,312127,25.90,19.65,75.9,78.8,-2.9
Uber,2024-04,pre,294059,26.02,19.68,75.6,75.9,-0.3
Uber,2025-02,post,288493,25.57,19.43,76.0,NULL,NULL
Uber,2025-03,post,291341,28.63,20.58,71.9,76.0,-4.1
Uber,2025-04,post,287175,27.20,20.44,75.2,71.9,3.3
