day_num,weekday,pickup_hour,trips,pay_per_hour
6,Sun,4,3910,77.17
0,Mon,4,2108,76.99
1,Tue,4,1898,76.96
4,Fri,4,2343,76.89
2,Wed,4,1830,76.65
3,Thu,4,2047,76.58
6,Sun,5,3117,76.41
4,Fri,5,3086,75.92
6,Sun,6,3518,74.83
5,Sat,4,3428,74.83
5,Sat,5,3023,73.60
3,Thu,5,3019,73.30
0,Mon,5,3186,73.22
2,Wed,5,3059,73.21
0,Mon,3,1527,72.46
6,Sun,7,4294,72.28
1,Tue,3,1157,72.15
2,Wed,3,1345,72.01
4,Fri,3,1791,71.95
1,Tue,5,2843,71.86
5,Sat,6,3702,71.07
3,Thu,3,1399,70.83
6,Sun,3,4971,70.64
1,Tue,2,1329,70.46
0,Mon,2,1712,70.26
6,Sun,23,6370,69.65
6,Sun,8,5126,69.55
1,Tue,21,8060,69.38
1,Tue,1,2102,69.36
0,Mon,0,4363,69.24
2,Wed,21,9154,69.20
0,Mon,1,2606,69.14
5,Sat,7,4651,69.11
3,Thu,2,1598,68.89
2,Wed,2,1433,68.81
5,Sat,3,4207,68.69
1,Tue,0,3521,68.68
3,Thu,22,8756,68.58
6,Sun,22,7680,68.50
6,Sun,2,5750,68.46
6,Sun,0,10469,68.44
3,Thu,21,9313,68.13
2,Wed,22,8328,68.09
1,Tue,22,7593,67.97
0,Mon,21,7328,67.90
0,Mon,22,6785,67.85
6,Sun,1,8330,67.77
3,Thu,1,2303,67.61
0,Mon,6,5453,67.55
5,Sat,23,11918,67.48
4,Fri,2,2302,67.44
2,Wed,0,3993,67.21
6,Sun,9,6412,67.14
2,Wed,1,2220,67.13
4,Fri,6,5248,67.10
0,Mon,23,5420,67.08
3,Thu,0,4013,66.77
4,Fri,0,5305,66.75
4,Fri,1,3416,66.65
2,Wed,20,9495,66.60
1,Tue,23,6130,66.58
2,Wed,23,6811,66.48
1,Tue,20,8661,66.25
3,Thu,23,7534,66.22
3,Thu,6,5260,66.06
0,Mon,20,7518,65.87
1,Tue,6,5360,65.83
5,Sat,8,6138,65.67
6,Sun,21,7686,65.65
2,Wed,6,5475,65.50
6,Sun,10,7754,65.25
5,Sat,2,5487,64.94
3,Thu,20,9213,64.91
5,Sat,0,9539,64.80
0,Mon,19,7764,64.67
6,Sun,20,8247,64.67
5,Sat,1,7271,64.62
6,Sun,19,8392,64.40
6,Sun,11,8358,64.34
6,Sun,12,8519,63.93
5,Sat,9,7331,63.79
6,Sun,18,8995,63.76
4,Fri,23,10246,63.59
2,Wed,19,9842,63.31
5,Sat,22,12049,63.00
1,Tue,19,8691,62.92
6,Sun,13,8802,62.59
5,Sat,10,8059,62.42
0,Mon,7,8247,62.24
6,Sun,17,8696,62.19
3,Thu,19,9390,62.18
5,Sat,19,12453,62.14
4,Fri,7,7991,62.08
6,Sun,14,8717,62.01
4,Fri,22,10806,61.93
6,Sun,16,8527,61.72
3,Thu,7,8496,61.68
5,Sat,21,11866,61.48
6,Sun,15,8547,61.47
4,Fri,21,10425,61.39
0,Mon,13,7092,61.38
0,Mon,12,6781,61.21
2,Wed,18,10151,61.11
0,Mon,10,7315,61.06
4,Fri,19,11111,60.85
5,Sat,11,8877,60.77
5,Sat,20,12311,60.75
4,Fri,20,10704,60.70
0,Mon,18,8660,60.61
2,Wed,7,8900,60.57
0,Mon,11,6704,60.52
1,Tue,7,8793,60.50
4,Fri,11,7000,60.43
1,Tue,13,6887,60.17
1,Tue,12,6639,60.15
4,Fri,10,7479,60.09
0,Mon,9,8619,60.02
3,Thu,12,6763,59.94
2,Wed,12,6960,59.93
5,Sat,18,11750,59.90
2,Wed,11,6990,59.80
4,Fri,12,7301,59.70
0,Mon,8,10242,59.69
3,Thu,13,7082,59.69
4,Fri,9,8398,59.66
5,Sat,12,9111,59.65
2,Wed,10,7730,59.57
1,Tue,11,6594,59.54
1,Tue,10,7186,59.51
0,Mon,14,7683,59.47
2,Wed,13,7429,59.37
3,Thu,11,6915,59.25
4,Fri,13,7759,59.23
4,Fri,8,9756,59.20
1,Tue,18,9366,59.19
5,Sat,13,9586,59.04
3,Thu,8,10295,58.92
5,Sat,14,9723,58.86
4,Fri,18,10668,58.72
2,Wed,9,9220,58.61
3,Thu,18,9731,58.58
3,Thu,9,8894,58.58
3,Thu,10,7429,58.51
5,Sat,17,11127,58.43
0,Mon,15,7924,58.42
2,Wed,8,11120,58.28
5,Sat,15,9920,58.22
1,Tue,9,8931,58.08
0,Mon,17,8719,57.94
5,Sat,16,10300,57.83
2,Wed,14,8293,57.81
1,Tue,8,10825,57.78
2,Wed,17,10030,57.78
1,Tue,14,7779,57.73
3,Thu,14,7883,57.72
0,Mon,16,8010,57.24
4,Fri,14,8504,57.01
2,Wed,15,8383,56.85
3,Thu,15,8116,56.80
1,Tue,15,7992,56.79
2,Wed,16,8822,56.74
4,Fri,17,10107,56.73
1,Tue,16,8201,56.62
4,Fri,15,8533,56.59
1,Tue,17,9221,56.44
3,Thu,17,9613,56.17
3,Thu,16,8579,56.02
4,Fri,16,8976,55.85
